phase,experiment_id,parameters,mean_normalised_rmse_mean,mean_normalised_rmse_sd,voltage_V_rmse_mean,voltage_V_rmse_sd,position_cm_rmse_mean,position_cm_rmse_sd
selection,spectrum_band_pooling,47138,0.2651875024962419,0.03384715993463178,0.2459375647416917,0.06202537965905177,1.5552862731474708,0.07816567645963354
selection,spectrum_compact_flatten,30758,0.35334795777634337,0.05816514692683043,0.3069608609021801,0.053234733466148515,2.161435651493656,0.7474064498914704
selection,spectrum_fine_pooling_linear,100418,0.44969442946646276,0.0482786900217202,0.38246109435528963,0.04617318797990109,2.7892968100051037,0.28326221261524287
selection,spectrum_flatten,180258,0.2806251509914707,0.03009277306883941,0.2349896708689255,0.042799545670170455,1.7548786973033732,0.2694771131116935
selection,spectrum_flatten_linear,30402,0.3431292249523207,0.026234056984153008,0.34169385339362013,0.030732587237517782,1.9091590068721547,0.20788563983732186
selection,spectrum_gap_control,22562,0.5733118492877683,0.06011679063509528,0.505201246403452,0.07433336493492677,3.480904054119103,0.34884311287560466
selection,spectrum_gap_wide,180280,0.5650929612484189,0.02404630723919352,0.4882294441415742,0.0306574087183342,3.4729111676634026,0.18755448152675858
selection,time_raw_reference,29922,0.21282076308351855,0.03973771561176922,0.18208410372558298,0.03708397126386133,1.3153523551026929,0.31013997008182326
confirmation,spectrum_band_pooling,47138,0.2517468407490122,0.023469707279826394,0.2417336446591559,0.03011822685204837,1.433832343044116,0.12391810974120401
confirmation,spectrum_gap_control,22562,0.5904915513889106,0.07138727611675008,0.5064370479712607,0.05656444998812041,3.631501322219898,0.4985457454237717
confirmation,spectrum_gap_wide,180280,0.5468119914503589,0.03018838655990016,0.46755590111192236,0.03190278939134934,3.3689860493676447,0.19405665425761084
confirmation,time_raw_reference,29922,0.2301981861779773,0.03049314713967343,0.18142456215197325,0.025635331939623116,1.4868960194723968,0.22666958010549318
