repeat,seed,experiment_id,method,model_kind,architecture,feature_set,feature_window,fundamental_rule,noise_standard_deviation,voltage_V_mae,voltage_V_rmse,voltage_V_r2,position_cm_mae,position_cm_rmse,position_cm_r2,mean_normalised_rmse,training_voltage_V_mae,training_voltage_V_rmse,training_voltage_V_r2,training_position_cm_mae,training_position_cm_rmse,training_position_cm_r2,training_mean_normalised_rmse,generalisation_gap_mean_normalised_rmse,parameters,epochs_run,training_seconds
0,53,fcn_rect_small_all,feature,neural,small,all,rectangular,band_peak,0.0,0.10568359017372134,0.13049129311382388,0.9862892521674049,1.5410951471328738,1.8440602964946347,0.8615169597739075,0.24194658173556538,0.09451676815748217,0.11984028031842205,0.9888335481523499,1.2784098070859908,1.6315737077332446,0.8935083331347411,0.21600102336037935,0.02594555837518603,178,200,9.477982300100848
0,53,fcn_rect_adopted_all,feature,neural,adopted,all,rectangular,band_peak,0.0,0.1106320130825043,0.14019538139590887,0.9841742067909727,1.164159460067749,1.5146308070961625,0.9065756840578328,0.21328041213039273,0.0673606953024864,0.08421522268938988,0.9944856951997424,0.7990049618482589,1.106405995277534,0.9510298685992784,0.1477751636015529,0.06550524852883982,850,200,8.879255899926648
0,53,fcn_rect_wide_all,feature,neural,wide,all,rectangular,band_peak,0.0,0.11486747741699221,0.14312251746209892,0.9835064550993646,1.1188632869720458,1.5469680345688974,0.9025438985339312,0.21780482095384585,0.06108751356601716,0.07707324618754555,0.9953813307037319,0.7098275691270828,0.9911032173165873,0.9607047550424163,0.13309553855928521,0.08470928239456063,2722,200,8.983347099972889
0,53,fcn_hann_adopted_all,feature,neural,adopted,all,hann,band_peak,0.0,0.117716680765152,0.1630377802843117,0.9785970034471891,1.067023675441742,1.4053137360043917,0.9195746541657668,0.21241903188609984,0.07072405219078064,0.08807521755960046,0.9939686155174303,0.7857847744226456,1.0851929667011437,0.9528896675210613,0.14735556929818014,0.0650634625879197,850,200,9.406305100070313
0,53,fcn_rect_amplitude_shape,feature,neural,adopted,amplitude_shape,rectangular,band_peak,0.0,0.36556487441062924,0.46887415653390296,0.8229847570267377,3.2267493391036988,3.8909695770670405,0.38345891141040156,0.595835210165327,0.29975940883159635,0.4143257219129806,0.8665270201145616,2.4822267413139345,3.289228561726085,0.5671969286503253,0.511608624919081,0.08422658524624604,754,161,7.62771139992401
0,53,fcn_rect_frequency_distribution,feature,neural,adopted,frequency_distribution,rectangular,band_peak,0.0,0.09219399690628052,0.11302677408268064,0.9897136632318999,2.337350742816925,2.8642571128379193,0.6659047084263232,0.33627139063074873,0.07525284111499785,0.09575264278699681,0.9928712874372552,2.0765642619133,2.6331610894509967,0.7226315329966335,0.30554476828803984,0.030726622342708898,690,134,6.369091999949887
0,53,rect_drop_rms,feature,neural,adopted,drop:rms_g,rectangular,band_peak,0.0,0.11174262046813968,0.13250438480300933,0.9858629571653116,1.1248530173301698,1.5604694269290826,0.9008353500396393,0.2144736562318121,0.07103880316019058,0.08891856192348294,0.9938525582034442,0.7703433489799499,1.0632031728603943,0.95477956284127,0.14552830037637157,0.06894535585544054,818,200,8.780578900128603
0,53,rect_drop_peak_to_peak,feature,neural,adopted,drop:peak_to_peak_g,rectangular,band_peak,0.0,0.11595856189727786,0.13877698662803992,0.9844928145758947,1.1798830604553223,1.4978397826473515,0.9086355851329855,0.21097587981044247,0.07465619385242463,0.09189029018655193,0.9934347871466042,0.8374911642074585,1.1449925032311576,0.9475545863853039,0.15501782002985837,0.0559580597805841,818,200,8.767650499939919
0,53,rect_drop_crest_factor,feature,neural,adopted,drop:crest_factor,rectangular,band_peak,0.0,0.10903520822525029,0.1343799264655017,0.9854599174585216,1.049119703769684,1.3993382674819386,0.9202571457492443,0.19918665371241218,0.07589706391096115,0.09652811424657322,0.9927553533340121,0.8122584033012391,1.1194692489966744,0.9498666685555499,0.1545101149941283,0.044676538718283865,818,200,8.802991200005636
0,53,rect_drop_kurtosis,feature,neural,adopted,drop:kurtosis,rectangular,band_peak,0.0,0.11539991259574892,0.13266162585670718,0.9858293848051133,1.1227360582351686,1.4926870411013378,0.9092631121326098,0.20776441309340107,0.07507650315761566,0.0975893352767889,0.992595183771471,0.8415672481060028,1.189519666837052,0.9433962137701039,0.16198337335702695,0.045781039736374124,818,200,8.823104499839246
0,53,rect_drop_dominant_frequency,feature,neural,adopted,drop:dominant_frequency_Hz,rectangular,band_peak,0.0,0.2739277899265289,0.3988086512026732,0.8719359550107706,2.5782615971565246,3.121587413579088,0.6031765244381263,0.48800245944157916,0.24052293181419376,0.3403243744809728,0.9099475205406734,1.8503688776493075,2.447152577432563,0.7604344727630827,0.3947708869349895,0.09323157250658964,818,137,6.299907299922779
0,53,rect_drop_dominant_amplitude,feature,neural,adopted,drop:dominant_amplitude_g,rectangular,band_peak,0.0,0.13397083401679993,0.16356320760382953,0.978458828846594,1.1271648049354552,1.5371838309230448,0.9037727732050304,0.2258383355281947,0.07734031111001968,0.09592884869995287,0.99284502649994,1.0754751896858215,1.4373160068998694,0.9173568708080627,0.1860321299195103,0.03980620560868442,818,103,4.674986500060186
0,53,rect_drop_high_frequency_ratio,feature,neural,adopted,drop:high_frequency_power_ratio,rectangular,band_peak,0.0,0.12640253067016602,0.16471944312554335,0.9781532014283347,1.2635960745811463,1.6227769587837868,0.8927582184655319,0.23490783090477502,0.07784546285867691,0.10063635605742106,0.9921255655684994,1.1169372570514677,1.477094953635282,0.9127191318533802,0.1920856848916852,0.04282214601308981,818,154,7.79466909985058
0,53,rect_drop_spectral_centroid,feature,neural,adopted,drop:spectral_centroid_Hz,rectangular,band_peak,0.0,0.11651796698570252,0.15382248277893804,0.9809481257035383,1.1103656435012819,1.5353781415165515,0.9039987116087024,0.22136322365084699,0.07419290989637375,0.09380617672279522,0.9931581675196007,1.0310792607069015,1.3861621121006913,0.9231347088094938,0.17998063855090904,0.041382585099937946,818,166,7.5926739000715315
1,153,fcn_rect_small_all,feature,neural,small,all,rectangular,band_peak,0.0,0.11506354570388795,0.15294727292631025,0.9802956608425586,1.5779807567596436,1.9764139472604727,0.8651205953250312,0.2692618159909602,0.09938291788101197,0.12438989836911929,0.988083827974328,1.3787971985340117,1.7683626705396183,0.8691429812348552,0.23545142527758778,0.03381039071337244,178,200,8.630477300146595
1,153,fcn_rect_adopted_all,feature,neural,adopted,all,rectangular,band_peak,0.0,0.11403512835502623,0.1401920977051996,0.9834451417395149,1.173052022457123,1.5779548065876774,0.9140236622938042,0.22291001181365747,0.07118029296398162,0.09657529244559784,0.9928171201472765,0.7818636572360992,1.0964890292466378,0.9496890027039556,0.15452649623113376,0.0683835155825237,850,184,8.241872100159526
1,153,fcn_rect_wide_all,feature,neural,wide,all,rectangular,band_peak,0.0,0.1053823435306549,0.14840781921814383,0.9814479474769094,1.0334672451019287,1.3650320050133795,0.9356608248670539,0.20473689230870978,0.06422084480524064,0.08303057452799872,0.9946906344901362,0.693979164958,0.9851688729049028,0.9593860052980969,0.13719726235558694,0.06753962995312285,2722,119,5.3949557999148965
1,153,fcn_hann_adopted_all,feature,neural,adopted,all,hann,band_peak,0.0,0.11573855876922604,0.13898674007140058,0.9837285919710455,1.2522995257377625,1.6410313594455894,0.9070127121016672,0.2288326826840874,0.06787306845188139,0.09158998562768954,0.9935395537142477,0.7214127135276794,1.0396948824216157,0.9547658788020025,0.1465300193870553,0.08230266329703212,850,181,8.136620600009337
1,153,fcn_rect_amplitude_shape,feature,neural,adopted,amplitude_shape,rectangular,band_peak,0.0,0.3338679981231689,0.47206510524898726,0.8122922533969432,3.101009635925293,3.9970248943596904,0.44835012163413857,0.6159575665381224,0.2843920660018921,0.39160393038643476,0.8818970835572078,2.669477526545525,3.3617594795462913,0.5270800651409177,0.5156763786565429,0.10028118788157947,754,117,5.336369300028309
1,153,fcn_rect_frequency_distribution,feature,neural,adopted,frequency_distribution,rectangular,band_peak,0.0,0.09488116264343262,0.11597161034568403,0.9886712557186467,2.4023997092247007,2.9937358747722898,0.6905312620985247,0.35709062465665015,0.0801391315460205,0.10066150857434639,0.9921964286130012,2.04769705593586,2.5838042381626707,0.7206339950455388,0.30844432890656465,0.0486462957500855,690,115,5.349202200071886
1,153,rect_drop_rms,feature,neural,adopted,drop:rms_g,rectangular,band_peak,0.0,0.09654607057571409,0.11520073352806783,0.9888213621362102,1.2147257828712463,1.618275423102717,0.9095737132373607,0.21606819240056258,0.07061842739582062,0.0946928337467149,0.9930944103964429,0.7989953762292862,1.1330644368595548,0.9462765910930349,0.15744148694975102,0.058626705450811556,818,200,8.808655000058934
1,153,rect_drop_peak_to_peak,feature,neural,adopted,drop:peak_to_peak_g,rectangular,band_peak,0.0,0.09958482742309566,0.12757127136422938,0.9862916821475134,1.1884545326232911,1.5686676748917494,0.9150327201447377,0.21642226166088233,0.07470487028360369,0.09675809844185757,0.9927899016688586,0.8277150774002073,1.1714670261107483,0.9425732177713947,0.16227557231426962,0.05414668934661271,818,200,9.10387140000239
1,153,rect_drop_crest_factor,feature,neural,adopted,drop:crest_factor,rectangular,band_peak,0.0,0.10690321922302241,0.13082123165126924,0.985584328884182,1.1724757337570193,1.5669640261232083,0.9152171770553705,0.21767404858326211,0.07242535799741746,0.0910726352331153,0.9936123318635424,0.7882744324207305,1.0895823686075845,0.9503208131530252,0.15140558079644265,0.06626846778681947,818,200,9.804373499937356
1,153,rect_drop_kurtosis,feature,neural,adopted,drop:kurtosis,rectangular,band_peak,0.0,0.10138628840446473,0.12332740640387653,0.98718857038263,1.1990770530700687,1.594880272836696,0.9121693709963338,0.21724117529237594,0.07064479768276213,0.09214780803875253,0.9934606202808741,0.7747539842128753,1.0950947495660444,0.9498168708358383,0.1524411667980726,0.06480000849430334,818,200,9.32925339997746
1,153,rect_drop_dominant_frequency,feature,neural,adopted,drop:dominant_frequency_Hz,rectangular,band_peak,0.0,0.25997884750366207,0.3500601577395552,0.8967800209219097,1.8212296795845035,2.354610793800682,0.8085620294939388,0.3944348363368301,0.17849633902311327,0.25110502300113424,0.9514401497563747,1.432105169892311,1.9522659015818635,0.8405104316741346,0.30986221295825345,0.08457262337857663,818,200,8.783096699975431
1,153,rect_drop_dominant_amplitude,feature,neural,adopted,drop:dominant_amplitude_g,rectangular,band_peak,0.0,0.09798644065856935,0.12478940692093272,0.986883020501348,1.144216129779816,1.6082871491903377,0.9106865215364305,0.21925395703899864,0.07397551864385606,0.0937219325473158,0.993235292721949,0.7137793922424316,1.055759002914274,0.9533572732186595,0.14910855153387523,0.07014540550512341,818,200,8.828814100008458
1,153,rect_drop_high_frequency_ratio,feature,neural,adopted,drop:high_frequency_power_ratio,rectangular,band_peak,0.0,0.09862281799316407,0.12147084532482215,0.987571391557674,1.2534313941001893,1.6802790795988176,0.9025116632639338,0.22516126087928073,0.07723103880882262,0.09769596667693664,0.9926494504890356,0.8646027237176895,1.2185272573837784,0.9378666397323012,0.16750048809244963,0.0576607727868311,818,187,8.16992159979418
1,153,rect_drop_spectral_centroid,feature,neural,adopted,drop:spectral_centroid_Hz,rectangular,band_peak,0.0,0.09305639863014224,0.12034741669992699,0.987800221567587,1.1528320622444155,1.5450228425213675,0.9175748720843001,0.2108341024178115,0.07357584297657012,0.09278848507655449,0.9933693713372292,0.7564683419466018,1.1257608840255136,0.9469669440151522,0.15585886599458298,0.05497523642322852,818,200,8.713775400072336
2,253,fcn_rect_small_all,feature,neural,small,all,rectangular,band_peak,0.0,0.10794307708740233,0.13581638389605327,0.9845308509230731,1.6372077369689944,2.087083736758069,0.8367545353536704,0.2707061132048432,0.10437897086143492,0.13741220881080718,0.9854555377863143,1.2772341609001159,1.6111139388127353,0.8937730590803463,0.2232625901442009,0.04744352306064231,178,200,8.638543299864978
2,253,fcn_rect_adopted_all,feature,neural,adopted,all,rectangular,band_peak,0.0,0.09223261833190918,0.11141845293461464,0.9895893859527188,1.4968785357475283,2.117425565005799,0.8319735386991649,0.2630686801715769,0.07531247496604919,0.09432948596194284,0.9931460337435797,0.659649965763092,0.9230249471483267,0.965133444655725,0.13475728621057098,0.12831139396100594,850,200,9.4830214001704
2,253,fcn_rect_wide_all,feature,neural,wide,all,rectangular,band_peak,0.0,0.0896146738529205,0.11561730126220744,0.9887899447238868,1.1612582540512089,1.6652828082041886,0.8960708504077423,0.21917751316976952,0.06047198921442032,0.07840614163886013,0.9952647033426316,0.551748467683792,0.8196623282901351,0.9725051018242653,0.11731467633860099,0.10186283683116854,2722,200,8.958776399958879
2,253,fcn_hann_adopted_all,feature,neural,adopted,all,hann,band_peak,0.0,0.08081604361534123,0.10299652169163473,0.9911037451615012,1.3261055088043217,1.8193639674848987,0.8759489184600209,0.22922430959324666,0.07783479094505306,0.09584871298209362,0.9929234822914095,0.6091646790504455,0.8714794627136442,0.9689188929668414,0.13021019603059125,0.09901411356265541,850,200,8.706047300016508
2,253,fcn_rect_amplitude_shape,feature,neural,adopted,amplitude_shape,rectangular,band_peak,0.0,0.33820608139038083,0.47407861637486454,0.811521059585493,3.533455655574799,4.2668172809816065,0.31770927553426653,0.6396223910674755,0.3317227029800415,0.4744126784572361,0.8266357280815442,3.2156509935855864,3.856521150542435,0.3913416280476981,0.5982679904352125,0.04135440063226303,754,30,1.6226733999792486
2,253,fcn_rect_frequency_distribution,feature,neural,adopted,frequency_distribution,rectangular,band_peak,0.0,0.08605330228805538,0.10569438079932855,0.9906315898485332,2.300342147350311,3.105689173702057,0.6385257604353236,0.3605185639626304,0.08132860749959944,0.10360370669580758,0.9917320543366623,2.118926980495453,2.6490761985356888,0.7128088410858379,0.3134152259933117,0.047103337969318704,690,91,4.193637600168586
2,253,rect_drop_rms,feature,neural,adopted,drop:rms_g,rectangular,band_peak,0.0,0.07908240795135495,0.09957201063109102,0.9916854901532103,1.3660388374328618,1.8693348187370407,0.8690409345549436,0.23277603696837926,0.0750175243616104,0.09498331449015027,0.9930506902914901,0.701286015510559,0.9580282651935976,0.9624388561038149,0.13858475053174682,0.09419128643663244,818,200,9.014011000050232
2,253,rect_drop_peak_to_peak,feature,neural,adopted,drop:peak_to_peak_g,rectangular,band_peak,0.0,0.07695404648780821,0.09885859527140523,0.9918042072349028,1.3747782850265504,1.9277423228534423,0.8607294338672605,0.23837082484361774,0.07979272276163103,0.10326184642761792,0.9917865276552791,0.7320646172761917,1.017042180664669,0.9576688472442657,0.14818678707421573,0.09018403776940201,818,200,8.887046499876305
2,253,rect_drop_crest_factor,feature,neural,adopted,drop:crest_factor,rectangular,band_peak,0.0,0.09016129493713376,0.1116447951932905,0.9895470454738419,1.2856443786621097,1.7850378065477863,0.8805857338538562,0.22954735411871952,0.07204190552234652,0.09356830905987962,0.9932562014508194,0.7403781443834305,1.0209711832896076,0.9573411509641918,0.14433041368541788,0.08521694043330164,818,200,8.805963199818507
2,253,rect_drop_kurtosis,feature,neural,adopted,drop:kurtosis,rectangular,band_peak,0.0,0.09353103518486021,0.12128013607842991,0.9876649347969645,1.408713610172272,1.901801645122238,0.8644524057391019,0.24558613563558282,0.07572291254997254,0.097442859701897,0.9926861328380225,0.8409958690404892,1.1597796257115784,0.9449530684847981,0.16007099099266875,0.08551514464291407,818,200,10.007475199876353
2,253,rect_drop_dominant_frequency,feature,neural,adopted,drop:dominant_frequency_Hz,rectangular,band_peak,0.0,0.2495426821708679,0.32830793632673294,0.9096090687253668,2.123033061027527,2.893033083938233,0.686333471928009,0.43669751537819435,0.18651083171367647,0.24677105310483916,0.9530932379036529,1.4608006906509399,1.9181356837198857,0.8494291803916938,0.30230713010041027,0.13439038527778407,818,200,9.154023099923506
2,253,rect_drop_dominant_amplitude,feature,neural,adopted,drop:dominant_amplitude_g,rectangular,band_peak,0.0,0.10028644561767577,0.12771756706681478,0.9863207158094744,1.245968840122223,1.734274398074179,0.8872810323963872,0.23146586103201053,0.07106492370367051,0.09183028318978648,0.9935044059759566,0.6982289707660674,0.9760293832779032,0.9610140654398518,0.13902190773656864,0.09244395329544189,818,200,8.860576800070703
2,253,rect_drop_high_frequency_ratio,feature,neural,adopted,drop:high_frequency_power_ratio,rectangular,band_peak,0.0,0.08517732143402097,0.10273250289383319,0.9911492955950071,1.5437599277496339,2.089784732053498,0.8363317343558012,0.25646120981231346,0.07972063958644866,0.09941023103264017,0.9923878174867526,0.8020774435997009,1.087857984553511,0.9515686502956208,0.1536595331796582,0.10280167663265527,818,200,8.945999099873006
2,253,rect_drop_spectral_centroid,feature,neural,adopted,drop:spectral_centroid_Hz,rectangular,band_peak,0.0,0.10399631142616268,0.13995310953811615,0.9835741745726895,1.3596877360343935,1.9688440586455247,0.8547272976410981,0.26056160921927274,0.0766740298271179,0.09702377428999188,0.9927489089865359,0.7281954842805862,1.0192192523437043,0.9574874258798071,0.1456695598705014,0.11489204934877134,818,200,8.77700989996083
3,353,fcn_rect_small_all,feature,neural,small,all,rectangular,band_peak,0.0,0.11528795957565308,0.14604985243279775,0.984315476831823,1.7897255897521973,2.2308746953059018,0.7945473874173866,0.2879610700970876,0.10044202387332919,0.12910799198074202,0.9867324165406892,1.4817787879705429,1.835246548704092,0.8656083558800168,0.2408898332998381,0.047071236797249505,178,200,8.638843099819496
3,353,fcn_rect_adopted_all,feature,neural,adopted,all,rectangular,band_peak,0.0,0.11814679622650144,0.1465124539591544,0.9842159604660873,1.386974422931671,1.7347824329319368,0.8757628886866837,0.238619648238185,0.0749267768859863,0.09636024465104716,0.9926093716605945,0.7554286891222,1.0649340052621654,0.9547489328978073,0.14934587566142818,0.08927377257675681,850,200,8.854211499914527
3,353,fcn_rect_wide_all,feature,neural,wide,all,rectangular,band_peak,0.0,0.10544383645057676,0.1292739783943427,0.9877117141933487,1.1777152395248414,1.5260929796483143,0.903855752962736,0.21008681205856344,0.06401031762361527,0.08517759155999223,0.9942252087856235,0.77358957529068,1.0646113522064071,0.9547763490253707,0.1443252921661493,0.06576151989241413,2722,129,6.176638200180605
3,353,fcn_hann_adopted_all,feature,neural,adopted,all,hann,band_peak,0.0,0.0982347333431244,0.11824878582231464,0.9897183585371412,1.489997477531433,1.9271012788805437,0.8466900320735554,0.24521985404968227,0.07383943498134614,0.09684903412779715,0.9925342032440521,0.779279573559761,1.0863076713462985,0.9529142895175279,0.15169863410185125,0.09352121994783102,850,191,9.606366800144315
3,353,fcn_rect_amplitude_shape,feature,neural,adopted,amplitude_shape,rectangular,band_peak,0.0,0.39610011458396915,0.6054684935586578,0.730442032616641,3.198131504058838,4.205319477350109,0.26993874128617645,0.6900984674813964,0.2810566103458404,0.37612438522992364,0.8873973641316055,2.7440266585350033,3.435006886296214,0.5291976097513514,0.510856795743199,0.17924167173819738,754,84,4.110915600089356
3,353,fcn_rect_frequency_distribution,feature,neural,adopted,frequency_distribution,rectangular,band_peak,0.0,0.07667660832405086,0.10452906687771298,0.9919657892076508,1.8451807618141174,2.3720764286416673,0.7677163351724186,0.28354216087514705,0.0740419402718544,0.09285764000373814,0.9931368915972335,1.882199774384499,2.4075065100194157,0.7687304926315097,0.2818743901903014,0.0016677706848456375,690,200,8.804981999797747
3,353,rect_drop_rms,feature,neural,adopted,drop:rms_g,rectangular,band_peak,0.0,0.11975115180015564,0.14482588306151242,0.9845772632551727,1.157659204006195,1.488719735787783,0.9085071396603295,0.21329151080488712,0.07478186964988709,0.09728471430937637,0.9924668816454213,0.8464335155487059,1.1587830982301484,0.9464218468776606,0.15913154805011967,0.05415996275476745,818,200,8.826459300005808
3,353,rect_drop_peak_to_peak,feature,neural,adopted,drop:peak_to_peak_g,rectangular,band_peak,0.0,0.10491410732269282,0.14030692579611373,0.9855247093318952,1.0709361052513122,1.3928974537962255,0.9199060702458757,0.20170533480095526,0.07636295586824418,0.09739542697594333,0.9924497260996494,0.8752224874496459,1.1669802872114818,0.9456611460098175,0.1599996383353065,0.041705696465648756,818,173,7.704788800096139
3,353,rect_drop_crest_factor,feature,neural,adopted,drop:crest_factor,rectangular,band_peak,0.0,0.10244313597679136,0.1253578672763616,0.9884449384083696,1.1284188890457152,1.4545106518644453,0.9126636323095192,0.20119054668499659,0.07615677267313001,0.09782303722531725,0.9923832822826953,0.8762272417545318,1.1864757236646684,0.9438304236640435,0.16213751562309914,0.03905303106189745,818,179,7.828166399849579
3,353,rect_drop_kurtosis,feature,neural,adopted,drop:kurtosis,rectangular,band_peak,0.0,0.10373367667198181,0.13505504579724778,0.9865880877256594,1.1005373835563659,1.4621552992168685,0.911743171162504,0.20627978216037915,0.07593068838119504,0.09823557655971131,0.992318904373753,0.9892028206586836,1.3232339463796015,0.9301354763072194,0.17598042427634342,0.030299357884035732,818,150,6.637472099857405
3,353,rect_drop_dominant_frequency,feature,neural,adopted,drop:dominant_frequency_Hz,rectangular,band_peak,0.0,0.31273295640945437,0.48530321205909255,0.8268209285943726,1.8501976680755614,2.468930291494786,0.7483604095072358,0.463071290278099,0.20188615947961805,0.26757520355182396,0.9430128019593894,1.7153648138046265,2.221766619572715,0.8030389684962252,0.34126142215927757,0.12180986811882144,818,173,7.575165199814364
3,353,rect_drop_dominant_amplitude,feature,neural,adopted,drop:dominant_amplitude_g,rectangular,band_peak,0.0,0.10199121832847591,0.13225518429250693,0.9871384152118644,1.034108488559723,1.4034352009001727,0.9186896100032321,0.19916608324326168,0.0737750518321991,0.09126960072598987,0.9933696282906905,0.8339684903621674,1.1541639894314295,0.9468481390169576,0.15598698729428398,0.0431790959489777,818,200,9.405107700033113
3,353,rect_drop_high_frequency_ratio,feature,neural,adopted,drop:high_frequency_power_ratio,rectangular,band_peak,0.0,0.11113470435142517,0.1467203576776281,0.9841711330303493,1.248255786895752,1.605920693714445,0.8935343518510758,0.22584217711050658,0.07937969177961349,0.099224764634337,0.9921634351858066,0.9216540676355361,1.2362976847543319,0.9390140846172036,0.1677388232700142,0.058103353840492394,818,162,7.413080499973148
3,353,rect_drop_spectral_centroid,feature,neural,adopted,drop:spectral_centroid_Hz,rectangular,band_peak,0.0,0.09988189101219178,0.12287751859799392,0.9888976749007886,1.4206412625312805,1.84354055868893,0.8596970808826481,0.23893891727069333,0.06450567185878753,0.08300066790067018,0.9945166148784713,0.8193556892871857,1.1498608320557886,0.9472437404151821,0.15186859880579673,0.0870703184648966,818,200,8.801877800142393
4,453,fcn_rect_small_all,feature,neural,small,all,rectangular,band_peak,0.0,0.11131122708320618,0.12986757645678618,0.9854222926440815,1.3467063093185423,1.7453711829762906,0.8807981956732145,0.23262480213891767,0.1012441447377205,0.12791265869155377,0.9874847219998156,1.2742283779382706,1.6492830234107423,0.8895715831620936,0.22208970474894257,0.010535097389975101,178,200,9.475638600066304
4,453,fcn_rect_adopted_all,feature,neural,adopted,all,rectangular,band_peak,0.0,0.08575709581375118,0.10838773089441438,0.9898457464259263,1.086027317047119,1.4584245720295115,0.9167709049741233,0.19432383946752796,0.07925693899393083,0.09711520005363854,0.9927858051621239,0.7060250163078308,1.0315258437064685,0.9568032875955239,0.14638729968822717,0.04793653977930079,850,174,7.760140999918804
4,453,fcn_rect_wide_all,feature,neural,wide,all,rectangular,band_peak,0.0,0.09889330744743347,0.12127048571778364,0.9872884652289907,1.030471358299255,1.484465429437151,0.913772180696592,0.20258086865246278,0.07276466220617296,0.09037214738500372,0.9937528396564392,0.7561814546585083,1.0693752713790756,0.9535751250301497,0.14725164941869082,0.05532921923377196,2722,126,5.76527259987779
4,453,fcn_hann_adopted_all,feature,neural,adopted,all,hann,band_peak,0.0,0.08460784673690792,0.10528255967803325,0.9904192253319504,0.9993513917922974,1.4013160511964124,0.923161404148461,0.1872126683458875,0.07564511448144914,0.09425196175548972,0.9932049251370106,0.7160295939445496,1.0252153088964129,0.9573301973919038,0.14449947079665537,0.04271319754923214,850,200,8.86912710010074
4,453,fcn_rect_amplitude_shape,feature,neural,adopted,amplitude_shape,rectangular,band_peak,0.0,0.3160893058776855,0.44023385261517334,0.8324846432781248,3.0985180449485776,3.9274711504706326,0.3964222331295921,0.5881785887136746,0.3056510472297669,0.4209905056729527,0.8644317305409163,2.648643853068352,3.3784773489295685,0.5366251145700942,0.5244561992631628,0.06372238945051178,754,76,3.6851025000214577
4,453,fcn_rect_frequency_distribution,feature,neural,adopted,frequency_distribution,rectangular,band_peak,0.0,0.07763943433761591,0.10372059255946565,0.9907013963981512,2.1693258929252623,2.6512425093729934,0.7249534918396041,0.3124510672459613,0.08079675912857057,0.10433066851621094,0.9916739803882302,2.0620879036188127,2.5702701677850714,0.7318066409748001,0.3045604485791962,0.007890618666765103,690,200,9.600407500052825
4,453,rect_drop_rms,feature,neural,adopted,drop:rms_g,rectangular,band_peak,0.0,0.0972984421253204,0.13394692311440978,0.9844920911567073,1.22891446352005,1.6438641151371427,0.8942600606546314,0.2241825543358412,0.07656588882207871,0.0975551122981291,0.9927202994420355,0.9039030939340591,1.2649254095544844,0.9350438461244924,0.17009306353001735,0.05408949080582384,818,155,7.708850600058213
4,453,rect_drop_peak_to_peak,feature,neural,adopted,drop:peak_to_peak_g,rectangular,band_peak,0.0,0.102926834821701,0.14288679852048114,0.9823529560608006,1.204509160518646,1.6342358305630817,0.8954950930093961,0.22712195401178373,0.08117505490779878,0.10328381398580663,0.9918402287717208,0.9204681068658829,1.2813750146206275,0.9333434285436798,0.1742553927971393,0.05286656121464442,818,134,6.465457800077274
4,453,rect_drop_crest_factor,feature,neural,adopted,drop:crest_factor,rectangular,band_peak,0.0,0.09366354584693905,0.12533750180965036,0.9864215616706657,1.0878034019470213,1.3657857466301513,0.9270084848217621,0.1924032065813825,0.07858051955699921,0.10112316509719166,0.9921780550024005,0.802082359790802,1.1306955068923057,0.9480982739098519,0.15813062913119272,0.03427257745018977,818,142,6.797020600177348
4,453,rect_drop_kurtosis,feature,neural,adopted,drop:kurtosis,rectangular,band_peak,0.0,0.0939484572410583,0.11851715975219566,0.9878591183402589,0.9565510821342468,1.219174780901562,0.9418380219948844,0.1746506494679594,0.07193642288446428,0.091517307287771,0.9935935134913453,0.7887394571304321,1.127362028178592,0.9484038526656878,0.15359418922388549,0.021056460244073927,818,200,9.598314300179482
4,453,rect_drop_dominant_frequency,feature,neural,adopted,drop:dominant_frequency_Hz,rectangular,band_peak,0.0,0.2615611696243286,0.3620061857828452,0.8867287380695552,1.8797824716567995,2.6983819876551793,0.7150858063853647,0.4301476174239987,0.17550456643104556,0.23072022516790106,0.9592821551816575,1.3264348959922792,1.771200169290181,0.8726421383306732,0.27932947749988524,0.15081813992411347,818,192,8.877672899980098
4,453,rect_drop_dominant_amplitude,feature,neural,adopted,drop:dominant_amplitude_g,rectangular,band_peak,0.0,0.09005504131317134,0.11295217606329291,0.9889725027016804,1.0089383959770202,1.419277416865544,0.9211790233739383,0.1923760536508955,0.08104455739259721,0.10130049956892749,0.992150597065814,0.8550768142938614,1.202299335111961,0.9413165440047219,0.165421767291549,0.02695428635934649,818,135,6.431790200062096
4,453,rect_drop_high_frequency_ratio,feature,neural,adopted,drop:high_frequency_power_ratio,rectangular,band_peak,0.0,0.1109166800975799,0.13072853064262355,0.9852283667862167,1.0903464007377623,1.4834072012896187,0.9138950750119863,0.2066102363137633,0.07793027132749557,0.09957851583464301,0.99241518928266,0.8846190327405928,1.178606149110588,0.943606652658279,0.1622818240147983,0.044328412298965,818,164,8.697402100078762
4,453,rect_drop_spectral_centroid,feature,neural,adopted,drop:spectral_centroid_Hz,rectangular,band_peak,0.0,0.0936028671264648,0.11604595563604511,0.9883601395318634,1.0855073356628417,1.503604517214897,0.9115343912545353,0.20222432680734162,0.07732082307338717,0.09839298555156187,0.9925947158710342,0.8273490935564041,1.1619964375110567,0.9451849188042187,0.16009008138260467,0.042134245424736955,818,175,8.955788100138307
