experiment_id,metric,repeats,mean,standard_deviation,minimum,maximum
spectrum_band_pooling,epochs_run,5,76.4,69.37795038771324,39.0,200.0
spectrum_band_pooling,generalisation_gap_mean_normalised_rmse,5,0.13988618954466459,0.056664107418545356,0.0953990724197254,0.23700989590343524
spectrum_band_pooling,mean_normalised_rmse,5,0.2517468407490122,0.023469707279826394,0.22526339596131875,0.27762908648108103
spectrum_band_pooling,parameters,5,47138.0,0.0,47138.0,47138.0
spectrum_band_pooling,position_cm_mae,5,1.0620966405868528,0.15281698752172768,0.9799613642692566,1.3340237879753114
spectrum_band_pooling,position_cm_r2,5,0.9193497388891867,0.013929809391551943,0.9037152924222034,0.9359655387891734
spectrum_band_pooling,position_cm_rmse,5,1.433832343044116,0.12391810974120401,1.291989135825088,1.5934258924616778
spectrum_band_pooling,training_seconds,5,9.272885079999105,8.208000777416988,4.803593999997247,23.905871999995725
spectrum_band_pooling,voltage_V_mae,5,0.18531371688842774,0.019446961886772456,0.16308053493499752,0.2038066339492798
spectrum_band_pooling,voltage_V_r2,5,0.955531771283199,0.010255884287936135,0.9441381649771992,0.9688979294789245
spectrum_band_pooling,voltage_V_rmse,5,0.2417336446591559,0.03011822685204837,0.20196576714990735,0.2752145746638739
spectrum_gap_control,epochs_run,5,135.8,58.04481027619954,65.0,200.0
spectrum_gap_control,generalisation_gap_mean_normalised_rmse,5,0.1600717940895189,0.054048560773622654,0.10418387079099417,0.23988311712989807
spectrum_gap_control,mean_normalised_rmse,5,0.5904915513889106,0.07138727611675008,0.518561027501635,0.6886408939117121
spectrum_gap_control,parameters,5,22562.0,0.0,22562.0,22562.0
spectrum_gap_control,position_cm_mae,5,2.860235993385315,0.5486258306607902,2.394478867053986,3.62053585767746
spectrum_gap_control,position_cm_r2,5,0.4775954682114477,0.14647114493490596,0.293821390606432,0.6061686431805761
spectrum_gap_control,position_cm_rmse,5,3.631501322219898,0.4985457454237717,3.204107862964895,4.288183793267098
spectrum_gap_control,training_seconds,5,15.382480999999098,6.099005129891851,7.809090800001286,21.975128300000506
spectrum_gap_control,voltage_V_mae,5,0.38467471551895144,0.04269624591689252,0.3294129669666291,0.42958182930946354
spectrum_gap_control,voltage_V_r2,5,0.8049449354852577,0.04277867035078042,0.7484168888680813,0.8493122818331577
spectrum_gap_control,voltage_V_rmse,5,0.5064370479712607,0.05656444998812041,0.4417034993050025,0.5769253709389891
spectrum_gap_wide,epochs_run,5,53.6,7.162401831787993,46.0,65.0
spectrum_gap_wide,generalisation_gap_mean_normalised_rmse,5,0.11351443016078985,0.026939966007490324,0.07252582365925808,0.1439698613291479
spectrum_gap_wide,mean_normalised_rmse,5,0.5468119914503589,0.03018838655990016,0.4963517017845257,0.5739809149872762
spectrum_gap_wide,parameters,5,180280.0,0.0,180280.0,180280.0
spectrum_gap_wide,position_cm_mae,5,2.664088849544525,0.11630770072903047,2.471114776134491,2.7463798785209654
spectrum_gap_wide,position_cm_r2,5,0.5559326983602935,0.0529630369229406,0.5107683844927671,0.6416066161222668
spectrum_gap_wide,position_cm_rmse,5,3.3689860493676447,0.19405665425761084,3.056553302727336,3.5692204220544044
spectrum_gap_wide,training_seconds,5,6.695894439998665,0.741042275893443,5.954969999998866,7.881974899995839
spectrum_gap_wide,voltage_V_mae,5,0.354620167016983,0.017807759537889035,0.3349780642986298,0.3773157191276551
spectrum_gap_wide,voltage_V_r2,5,0.8349286282922659,0.020337465566577555,0.8071190910926493,0.8604059187262683
spectrum_gap_wide,voltage_V_rmse,5,0.46755590111192236,0.03190278939134934,0.42513358402525636,0.5113973253620726
time_raw_reference,epochs_run,5,79.4,18.501351301999538,62.0,106.0
time_raw_reference,generalisation_gap_mean_normalised_rmse,5,0.15231022698867713,0.03742337077162944,0.11811537817572096,0.21310298593066568
time_raw_reference,mean_normalised_rmse,5,0.2301981861779773,0.03049314713967343,0.2071576867115134,0.2836575508948225
time_raw_reference,parameters,5,29922.0,0.0,29922.0,29922.0
time_raw_reference,position_cm_mae,5,1.067966106414795,0.12325723634313418,0.9423939847946169,1.2550395488739015
time_raw_reference,position_cm_r2,5,0.9116203916866009,0.030724691740845286,0.8603495259920038,0.9361403879371747
time_raw_reference,position_cm_rmse,5,1.4868960194723968,0.22666958010549318,1.2976762314552857,1.860055028248935
time_raw_reference,training_seconds,5,8.836773660003383,2.0381557519827584,6.958244900000864,11.760142600003746
time_raw_reference,voltage_V_mae,5,0.1334311788082123,0.014211829296365837,0.11900746941566469,0.15424540042877197
time_raw_reference,voltage_V_r2,5,0.9748893427802511,0.0067566061335917315,0.9648342371765029,0.9824632917721007
time_raw_reference,voltage_V_rmse,5,0.18142456215197325,0.025635331939623116,0.1516551457632217,0.2183603851718089
