repeat,seed,sample_index,target_stratum,role
0,53,0,3,training
0,53,1,8,training
0,53,2,9,training
0,53,3,11,training
0,53,4,10,training
0,53,5,13,training
0,53,6,4,training
0,53,7,6,training
0,53,8,8,validation
0,53,9,6,validation
0,53,10,14,training
0,53,11,15,training
0,53,12,12,validation
0,53,13,1,training
0,53,14,3,training
0,53,15,4,training
0,53,16,3,training
0,53,17,14,training
0,53,18,9,training
0,53,19,10,validation
0,53,20,8,training
0,53,21,3,training
0,53,22,0,validation
0,53,23,0,training
0,53,24,1,training
0,53,25,13,training
0,53,26,6,training
0,53,27,15,training
0,53,28,5,training
0,53,29,0,training
0,53,30,9,validation
0,53,31,7,training
0,53,32,11,training
0,53,33,15,training
0,53,34,15,training
0,53,35,14,training
0,53,36,7,validation
0,53,37,5,training
0,53,38,0,training
0,53,39,6,training
0,53,40,13,training
0,53,41,10,validation
0,53,42,4,training
0,53,43,11,training
0,53,44,7,training
0,53,45,13,training
0,53,46,14,validation
0,53,47,6,training
0,53,48,15,training
0,53,49,5,validation
0,53,50,5,training
0,53,51,6,training
0,53,52,4,training
0,53,53,5,training
0,53,54,5,training
0,53,55,6,training
0,53,56,12,training
0,53,57,1,training
0,53,58,4,training
0,53,59,6,training
0,53,60,3,training
0,53,61,14,validation
0,53,62,3,validation
0,53,63,5,validation
0,53,64,4,training
0,53,65,15,training
0,53,66,13,validation
0,53,67,8,training
0,53,68,15,training
0,53,69,9,training
0,53,70,5,training
0,53,71,9,training
0,53,72,5,training
0,53,73,2,validation
0,53,74,12,training
0,53,75,3,training
0,53,76,13,training
0,53,77,4,training
0,53,78,14,training
0,53,79,8,training
0,53,80,2,training
0,53,81,12,training
0,53,82,2,validation
0,53,83,12,training
0,53,84,9,training
0,53,85,0,training
0,53,86,5,training
0,53,87,5,training
0,53,88,8,training
0,53,89,10,training
0,53,90,12,validation
0,53,91,15,training
0,53,92,9,training
0,53,93,3,training
0,53,94,10,training
0,53,95,15,training
0,53,96,0,training
0,53,97,0,training
0,53,98,1,training
0,53,99,10,validation
0,53,100,6,training
0,53,101,5,training
0,53,102,6,training
0,53,103,3,training
0,53,104,2,training
0,53,105,3,training
0,53,106,11,validation
0,53,107,8,training
0,53,108,12,validation
0,53,109,10,training
0,53,110,10,training
0,53,111,8,training
0,53,112,0,training
0,53,113,15,validation
0,53,114,1,training
0,53,115,13,training
0,53,116,8,validation
0,53,117,15,training
0,53,118,6,training
0,53,119,15,training
0,53,120,0,validation
0,53,121,5,training
0,53,122,2,training
0,53,123,6,validation
0,53,124,13,training
0,53,125,14,training
0,53,126,1,training
0,53,127,12,training
0,53,128,13,training
0,53,129,3,validation
0,53,130,14,training
0,53,131,4,training
0,53,132,8,training
0,53,133,3,training
0,53,134,10,training
0,53,135,12,training
0,53,136,11,validation
0,53,137,11,training
0,53,138,2,training
0,53,139,13,training
0,53,140,2,training
0,53,141,1,training
0,53,142,10,training
0,53,143,14,training
0,53,144,1,validation
0,53,145,9,training
0,53,146,15,validation
0,53,147,4,validation
0,53,148,7,training
0,53,149,12,training
0,53,150,5,training
0,53,151,2,training
0,53,152,9,validation
0,53,153,11,training
0,53,154,11,training
0,53,155,6,training
0,53,156,3,training
0,53,157,15,training
0,53,158,11,training
0,53,159,13,validation
0,53,160,15,validation
0,53,161,1,training
0,53,162,7,training
0,53,163,11,validation
0,53,164,4,training
0,53,165,13,training
0,53,166,7,training
0,53,167,1,validation
0,53,168,3,validation
0,53,169,6,validation
0,53,170,14,training
0,53,171,10,training
0,53,172,12,training
0,53,173,12,training
0,53,174,0,training
0,53,175,5,training
0,53,176,8,training
0,53,177,5,training
0,53,178,8,validation
0,53,179,15,training
0,53,180,11,training
0,53,181,6,training
0,53,182,2,training
0,53,183,6,training
0,53,184,7,training
0,53,185,8,training
0,53,186,2,training
0,53,187,1,validation
0,53,188,11,training
0,53,189,0,training
0,53,190,1,training
0,53,191,15,training
0,53,192,8,training
0,53,193,4,validation
0,53,194,6,training
0,53,195,0,training
0,53,196,10,training
0,53,197,8,training
0,53,198,5,validation
0,53,199,10,training
1,153,0,3,validation
1,153,1,8,training
1,153,2,9,validation
1,153,3,11,training
1,153,4,10,training
1,153,5,13,training
1,153,6,4,training
1,153,7,6,validation
1,153,8,8,validation
1,153,9,6,validation
1,153,10,14,training
1,153,11,15,training
1,153,12,12,training
1,153,13,1,training
1,153,14,3,validation
1,153,15,4,training
1,153,16,3,training
1,153,17,14,training
1,153,18,9,training
1,153,19,10,training
1,153,20,8,validation
1,153,21,3,training
1,153,22,0,training
1,153,23,0,training
1,153,24,1,training
1,153,25,13,validation
1,153,26,6,training
1,153,27,15,training
1,153,28,5,training
1,153,29,0,training
1,153,30,9,training
1,153,31,7,validation
1,153,32,11,validation
1,153,33,15,validation
1,153,34,15,training
1,153,35,14,training
1,153,36,7,training
1,153,37,5,validation
1,153,38,0,training
1,153,39,6,training
1,153,40,13,training
1,153,41,10,training
1,153,42,4,training
1,153,43,11,training
1,153,44,7,training
1,153,45,13,training
1,153,46,14,validation
1,153,47,6,training
1,153,48,15,training
1,153,49,5,training
1,153,50,5,training
1,153,51,6,training
1,153,52,4,training
1,153,53,5,validation
1,153,54,5,training
1,153,55,6,training
1,153,56,12,training
1,153,57,1,training
1,153,58,4,training
1,153,59,6,training
1,153,60,3,training
1,153,61,14,training
1,153,62,3,training
1,153,63,5,training
1,153,64,4,training
1,153,65,15,training
1,153,66,13,training
1,153,67,8,training
1,153,68,15,training
1,153,69,9,training
1,153,70,5,training
1,153,71,9,training
1,153,72,5,training
1,153,73,2,training
1,153,74,12,training
1,153,75,3,training
1,153,76,13,training
1,153,77,4,validation
1,153,78,14,training
1,153,79,8,training
1,153,80,2,training
1,153,81,12,validation
1,153,82,2,training
1,153,83,12,training
1,153,84,9,validation
1,153,85,0,training
1,153,86,5,training
1,153,87,5,training
1,153,88,8,training
1,153,89,10,training
1,153,90,12,training
1,153,91,15,training
1,153,92,9,training
1,153,93,3,training
1,153,94,10,validation
1,153,95,15,training
1,153,96,0,training
1,153,97,0,training
1,153,98,1,training
1,153,99,10,training
1,153,100,6,training
1,153,101,5,validation
1,153,102,6,training
1,153,103,3,validation
1,153,104,2,training
1,153,105,3,training
1,153,106,11,validation
1,153,107,8,training
1,153,108,12,training
1,153,109,10,validation
1,153,110,10,training
1,153,111,8,training
1,153,112,0,validation
1,153,113,15,training
1,153,114,1,training
1,153,115,13,training
1,153,116,8,training
1,153,117,15,training
1,153,118,6,training
1,153,119,15,validation
1,153,120,0,training
1,153,121,5,training
1,153,122,2,training
1,153,123,6,training
1,153,124,13,training
1,153,125,14,validation
1,153,126,1,training
1,153,127,12,training
1,153,128,13,training
1,153,129,3,training
1,153,130,14,training
1,153,131,4,training
1,153,132,8,training
1,153,133,3,training
1,153,134,10,training
1,153,135,12,validation
1,153,136,11,training
1,153,137,11,training
1,153,138,2,validation
1,153,139,13,training
1,153,140,2,validation
1,153,141,1,validation
1,153,142,10,validation
1,153,143,14,training
1,153,144,1,training
1,153,145,9,training
1,153,146,15,training
1,153,147,4,training
1,153,148,7,training
1,153,149,12,training
1,153,150,5,training
1,153,151,2,training
1,153,152,9,training
1,153,153,11,training
1,153,154,11,training
1,153,155,6,training
1,153,156,3,training
1,153,157,15,training
1,153,158,11,training
1,153,159,13,training
1,153,160,15,training
1,153,161,1,training
1,153,162,7,training
1,153,163,11,training
1,153,164,4,training
1,153,165,13,validation
1,153,166,7,training
1,153,167,1,validation
1,153,168,3,training
1,153,169,6,training
1,153,170,14,training
1,153,171,10,training
1,153,172,12,validation
1,153,173,12,training
1,153,174,0,validation
1,153,175,5,training
1,153,176,8,validation
1,153,177,5,training
1,153,178,8,training
1,153,179,15,training
1,153,180,11,training
1,153,181,6,training
1,153,182,2,training
1,153,183,6,training
1,153,184,7,training
1,153,185,8,training
1,153,186,2,training
1,153,187,1,validation
1,153,188,11,training
1,153,189,0,validation
1,153,190,1,training
1,153,191,15,validation
1,153,192,8,training
1,153,193,4,validation
1,153,194,6,validation
1,153,195,0,training
1,153,196,10,training
1,153,197,8,training
1,153,198,5,training
1,153,199,10,training
2,253,0,3,training
2,253,1,8,training
2,253,2,9,training
2,253,3,11,validation
2,253,4,10,training
2,253,5,13,validation
2,253,6,4,training
2,253,7,6,validation
2,253,8,8,training
2,253,9,6,validation
2,253,10,14,validation
2,253,11,15,training
2,253,12,12,training
2,253,13,1,training
2,253,14,3,validation
2,253,15,4,validation
2,253,16,3,training
2,253,17,14,training
2,253,18,9,validation
2,253,19,10,validation
2,253,20,8,training
2,253,21,3,training
2,253,22,0,training
2,253,23,0,training
2,253,24,1,validation
2,253,25,13,validation
2,253,26,6,training
2,253,27,15,training
2,253,28,5,training
2,253,29,0,training
2,253,30,9,training
2,253,31,7,validation
2,253,32,11,training
2,253,33,15,training
2,253,34,15,training
2,253,35,14,training
2,253,36,7,training
2,253,37,5,validation
2,253,38,0,training
2,253,39,6,training
2,253,40,13,training
2,253,41,10,training
2,253,42,4,validation
2,253,43,11,validation
2,253,44,7,training
2,253,45,13,training
2,253,46,14,training
2,253,47,6,validation
2,253,48,15,training
2,253,49,5,training
2,253,50,5,training
2,253,51,6,training
2,253,52,4,training
2,253,53,5,training
2,253,54,5,training
2,253,55,6,training
2,253,56,12,training
2,253,57,1,validation
2,253,58,4,training
2,253,59,6,training
2,253,60,3,training
2,253,61,14,training
2,253,62,3,training
2,253,63,5,training
2,253,64,4,training
2,253,65,15,validation
2,253,66,13,training
2,253,67,8,training
2,253,68,15,training
2,253,69,9,training
2,253,70,5,training
2,253,71,9,validation
2,253,72,5,training
2,253,73,2,validation
2,253,74,12,training
2,253,75,3,training
2,253,76,13,training
2,253,77,4,training
2,253,78,14,validation
2,253,79,8,training
2,253,80,2,training
2,253,81,12,training
2,253,82,2,training
2,253,83,12,training
2,253,84,9,training
2,253,85,0,training
2,253,86,5,training
2,253,87,5,training
2,253,88,8,training
2,253,89,10,training
2,253,90,12,training
2,253,91,15,training
2,253,92,9,training
2,253,93,3,training
2,253,94,10,training
2,253,95,15,training
2,253,96,0,training
2,253,97,0,training
2,253,98,1,training
2,253,99,10,training
2,253,100,6,training
2,253,101,5,training
2,253,102,6,training
2,253,103,3,validation
2,253,104,2,training
2,253,105,3,training
2,253,106,11,training
2,253,107,8,validation
2,253,108,12,training
2,253,109,10,training
2,253,110,10,training
2,253,111,8,training
2,253,112,0,training
2,253,113,15,training
2,253,114,1,training
2,253,115,13,training
2,253,116,8,training
2,253,117,15,validation
2,253,118,6,training
2,253,119,15,training
2,253,120,0,training
2,253,121,5,validation
2,253,122,2,training
2,253,123,6,training
2,253,124,13,validation
2,253,125,14,training
2,253,126,1,training
2,253,127,12,training
2,253,128,13,training
2,253,129,3,validation
2,253,130,14,training
2,253,131,4,training
2,253,132,8,training
2,253,133,3,training
2,253,134,10,validation
2,253,135,12,validation
2,253,136,11,training
2,253,137,11,training
2,253,138,2,training
2,253,139,13,training
2,253,140,2,training
2,253,141,1,training
2,253,142,10,validation
2,253,143,14,training
2,253,144,1,training
2,253,145,9,training
2,253,146,15,training
2,253,147,4,training
2,253,148,7,training
2,253,149,12,training
2,253,150,5,training
2,253,151,2,training
2,253,152,9,training
2,253,153,11,training
2,253,154,11,training
2,253,155,6,training
2,253,156,3,training
2,253,157,15,validation
2,253,158,11,training
2,253,159,13,training
2,253,160,15,training
2,253,161,1,training
2,253,162,7,training
2,253,163,11,training
2,253,164,4,training
2,253,165,13,training
2,253,166,7,training
2,253,167,1,training
2,253,168,3,training
2,253,169,6,training
2,253,170,14,training
2,253,171,10,training
2,253,172,12,training
2,253,173,12,validation
2,253,174,0,validation
2,253,175,5,training
2,253,176,8,validation
2,253,177,5,training
2,253,178,8,training
2,253,179,15,training
2,253,180,11,training
2,253,181,6,training
2,253,182,2,training
2,253,183,6,training
2,253,184,7,training
2,253,185,8,training
2,253,186,2,validation
2,253,187,1,validation
2,253,188,11,validation
2,253,189,0,validation
2,253,190,1,training
2,253,191,15,training
2,253,192,8,training
2,253,193,4,training
2,253,194,6,training
2,253,195,0,training
2,253,196,10,training
2,253,197,8,validation
2,253,198,5,validation
2,253,199,10,training
3,353,0,3,validation
3,353,1,8,training
3,353,2,9,training
3,353,3,11,training
3,353,4,10,validation
3,353,5,13,validation
3,353,6,4,training
3,353,7,6,training
3,353,8,8,training
3,353,9,6,training
3,353,10,14,training
3,353,11,15,training
3,353,12,12,validation
3,353,13,1,training
3,353,14,3,training
3,353,15,4,training
3,353,16,3,training
3,353,17,14,training
3,353,18,9,training
3,353,19,10,training
3,353,20,8,validation
3,353,21,3,training
3,353,22,0,training
3,353,23,0,validation
3,353,24,1,training
3,353,25,13,training
3,353,26,6,training
3,353,27,15,training
3,353,28,5,training
3,353,29,0,training
3,353,30,9,training
3,353,31,7,validation
3,353,32,11,training
3,353,33,15,training
3,353,34,15,training
3,353,35,14,training
3,353,36,7,training
3,353,37,5,training
3,353,38,0,training
3,353,39,6,training
3,353,40,13,training
3,353,41,10,training
3,353,42,4,training
3,353,43,11,training
3,353,44,7,training
3,353,45,13,training
3,353,46,14,training
3,353,47,6,training
3,353,48,15,validation
3,353,49,5,training
3,353,50,5,training
3,353,51,6,validation
3,353,52,4,validation
3,353,53,5,validation
3,353,54,5,training
3,353,55,6,training
3,353,56,12,training
3,353,57,1,validation
3,353,58,4,training
3,353,59,6,training
3,353,60,3,training
3,353,61,14,training
3,353,62,3,training
3,353,63,5,validation
3,353,64,4,training
3,353,65,15,training
3,353,66,13,training
3,353,67,8,training
3,353,68,15,validation
3,353,69,9,training
3,353,70,5,training
3,353,71,9,validation
3,353,72,5,training
3,353,73,2,validation
3,353,74,12,training
3,353,75,3,training
3,353,76,13,training
3,353,77,4,training
3,353,78,14,validation
3,353,79,8,training
3,353,80,2,training
3,353,81,12,validation
3,353,82,2,training
3,353,83,12,training
3,353,84,9,validation
3,353,85,0,training
3,353,86,5,training
3,353,87,5,training
3,353,88,8,validation
3,353,89,10,validation
3,353,90,12,training
3,353,91,15,training
3,353,92,9,training
3,353,93,3,training
3,353,94,10,validation
3,353,95,15,validation
3,353,96,0,training
3,353,97,0,validation
3,353,98,1,training
3,353,99,10,training
3,353,100,6,validation
3,353,101,5,training
3,353,102,6,training
3,353,103,3,training
3,353,104,2,training
3,353,105,3,training
3,353,106,11,training
3,353,107,8,training
3,353,108,12,training
3,353,109,10,training
3,353,110,10,training
3,353,111,8,training
3,353,112,0,training
3,353,113,15,training
3,353,114,1,training
3,353,115,13,validation
3,353,116,8,training
3,353,117,15,training
3,353,118,6,training
3,353,119,15,training
3,353,120,0,training
3,353,121,5,validation
3,353,122,2,training
3,353,123,6,training
3,353,124,13,training
3,353,125,14,training
3,353,126,1,training
3,353,127,12,training
3,353,128,13,training
3,353,129,3,validation
3,353,130,14,training
3,353,131,4,validation
3,353,132,8,validation
3,353,133,3,validation
3,353,134,10,training
3,353,135,12,training
3,353,136,11,training
3,353,137,11,training
3,353,138,2,training
3,353,139,13,training
3,353,140,2,validation
3,353,141,1,validation
3,353,142,10,training
3,353,143,14,training
3,353,144,1,training
3,353,145,9,training
3,353,146,15,training
3,353,147,4,training
3,353,148,7,training
3,353,149,12,training
3,353,150,5,training
3,353,151,2,training
3,353,152,9,training
3,353,153,11,validation
3,353,154,11,training
3,353,155,6,training
3,353,156,3,training
3,353,157,15,training
3,353,158,11,validation
3,353,159,13,validation
3,353,160,15,training
3,353,161,1,validation
3,353,162,7,training
3,353,163,11,training
3,353,164,4,training
3,353,165,13,training
3,353,166,7,training
3,353,167,1,training
3,353,168,3,training
3,353,169,6,training
3,353,170,14,validation
3,353,171,10,training
3,353,172,12,training
3,353,173,12,validation
3,353,174,0,training
3,353,175,5,training
3,353,176,8,training
3,353,177,5,training
3,353,178,8,training
3,353,179,15,training
3,353,180,11,training
3,353,181,6,validation
3,353,182,2,training
3,353,183,6,training
3,353,184,7,training
3,353,185,8,training
3,353,186,2,training
3,353,187,1,training
3,353,188,11,training
3,353,189,0,training
3,353,190,1,training
3,353,191,15,training
3,353,192,8,training
3,353,193,4,training
3,353,194,6,training
3,353,195,0,training
3,353,196,10,training
3,353,197,8,training
3,353,198,5,training
3,353,199,10,training
4,453,0,3,training
4,453,1,8,training
4,453,2,9,validation
4,453,3,11,training
4,453,4,10,training
4,453,5,13,validation
4,453,6,4,training
4,453,7,6,training
4,453,8,8,validation
4,453,9,6,training
4,453,10,14,training
4,453,11,15,training
4,453,12,12,training
4,453,13,1,training
4,453,14,3,training
4,453,15,4,training
4,453,16,3,training
4,453,17,14,training
4,453,18,9,training
4,453,19,10,training
4,453,20,8,training
4,453,21,3,training
4,453,22,0,training
4,453,23,0,validation
4,453,24,1,training
4,453,25,13,training
4,453,26,6,training
4,453,27,15,training
4,453,28,5,training
4,453,29,0,training
4,453,30,9,training
4,453,31,7,training
4,453,32,11,training
4,453,33,15,training
4,453,34,15,validation
4,453,35,14,training
4,453,36,7,training
4,453,37,5,training
4,453,38,0,training
4,453,39,6,training
4,453,40,13,training
4,453,41,10,training
4,453,42,4,training
4,453,43,11,validation
4,453,44,7,training
4,453,45,13,training
4,453,46,14,validation
4,453,47,6,validation
4,453,48,15,training
4,453,49,5,training
4,453,50,5,training
4,453,51,6,training
4,453,52,4,training
4,453,53,5,training
4,453,54,5,training
4,453,55,6,training
4,453,56,12,training
4,453,57,1,training
4,453,58,4,training
4,453,59,6,training
4,453,60,3,training
4,453,61,14,training
4,453,62,3,training
4,453,63,5,training
4,453,64,4,training
4,453,65,15,training
4,453,66,13,training
4,453,67,8,training
4,453,68,15,validation
4,453,69,9,training
4,453,70,5,validation
4,453,71,9,validation
4,453,72,5,training
4,453,73,2,training
4,453,74,12,validation
4,453,75,3,validation
4,453,76,13,validation
4,453,77,4,validation
4,453,78,14,training
4,453,79,8,training
4,453,80,2,training
4,453,81,12,training
4,453,82,2,training
4,453,83,12,training
4,453,84,9,training
4,453,85,0,training
4,453,86,5,training
4,453,87,5,validation
4,453,88,8,training
4,453,89,10,validation
4,453,90,12,training
4,453,91,15,validation
4,453,92,9,training
4,453,93,3,training
4,453,94,10,training
4,453,95,15,training
4,453,96,0,training
4,453,97,0,validation
4,453,98,1,training
4,453,99,10,training
4,453,100,6,training
4,453,101,5,training
4,453,102,6,training
4,453,103,3,training
4,453,104,2,validation
4,453,105,3,training
4,453,106,11,training
4,453,107,8,training
4,453,108,12,training
4,453,109,10,training
4,453,110,10,validation
4,453,111,8,training
4,453,112,0,validation
4,453,113,15,training
4,453,114,1,validation
4,453,115,13,training
4,453,116,8,training
4,453,117,15,training
4,453,118,6,training
4,453,119,15,training
4,453,120,0,training
4,453,121,5,training
4,453,122,2,training
4,453,123,6,training
4,453,124,13,training
4,453,125,14,training
4,453,126,1,training
4,453,127,12,validation
4,453,128,13,validation
4,453,129,3,validation
4,453,130,14,validation
4,453,131,4,training
4,453,132,8,training
4,453,133,3,training
4,453,134,10,training
4,453,135,12,training
4,453,136,11,training
4,453,137,11,validation
4,453,138,2,training
4,453,139,13,training
4,453,140,2,training
4,453,141,1,training
4,453,142,10,training
4,453,143,14,training
4,453,144,1,training
4,453,145,9,training
4,453,146,15,training
4,453,147,4,training
4,453,148,7,training
4,453,149,12,validation
4,453,150,5,training
4,453,151,2,training
4,453,152,9,training
4,453,153,11,training
4,453,154,11,training
4,453,155,6,validation
4,453,156,3,validation
4,453,157,15,training
4,453,158,11,training
4,453,159,13,training
4,453,160,15,training
4,453,161,1,training
4,453,162,7,training
4,453,163,11,training
4,453,164,4,validation
4,453,165,13,training
4,453,166,7,training
4,453,167,1,training
4,453,168,3,training
4,453,169,6,training
4,453,170,14,training
4,453,171,10,training
4,453,172,12,training
4,453,173,12,training
4,453,174,0,training
4,453,175,5,training
4,453,176,8,validation
4,453,177,5,validation
4,453,178,8,training
4,453,179,15,training
4,453,180,11,training
4,453,181,6,training
4,453,182,2,validation
4,453,183,6,training
4,453,184,7,validation
4,453,185,8,training
4,453,186,2,training
4,453,187,1,validation
4,453,188,11,training
4,453,189,0,training
4,453,190,1,training
4,453,191,15,training
4,453,192,8,validation
4,453,193,4,training
4,453,194,6,validation
4,453,195,0,training
4,453,196,10,training
4,453,197,8,training
4,453,198,5,training
4,453,199,10,validation
